city,country,continent,area_total,population_total,popdens,nbhd_num,GDPpc_mean,income_mean,PM25_mean,PM25.UESI,NO2_mean,NO2.UESI,UHI_mean,UHI.UESI,TREECAP_mean,TREECAP.UESI,PUBTRANS_mean,PUBTRANS.UESI,TRANSCOV_mean,TRANSCOV.UESI
addisababa,Ethiopia,Africa,541410030.4,128864.1,238.0157233,10,453.4769795,NA,24.28116257,18.35,24.41243903,34.55,7.916694985,43.17,12810.4475,100,2249.922434,45.47,0.312490434,62.42
albuquerque,United States of America,North America,734450908.4,625314,851.4033992,142,5217.360835,53702.56338,5.308102643,100,5.042590819,89.36,9.778008239,33.65,27.79854778,37.88,1036.359407,87.94,0.079771716,19.5
alexandria,United States of America,Africa,40063963.76,154710,3861.574978,38,25056.73141,110522.1053,9.795662032,97.76,9.526250124,73.45,0.868561332,73.93,154.4822864,99.85,396.5190801,100,0.553860303,72.83
alger,Algeria,Africa,772064074.9,2988144,3870.331618,57,1063.222807,NA,11.79289621,75.76,11.39315057,67.12,3.295571119,62.31,33.34391509,89.48,827.0654356,90.78,0.469261028,80.78
amsterdam,Netherlands,Europe,173710231.1,844952,4864.146427,99,15927.9788,25601.07527,10.8544434,84.72,11.82510926,65.48,-6.366449302,96.81,373.5490357,97.83,278.2310381,100,0.897325036,95.34
anchorage,United States of America,North America,4465752290,298225,66.78046176,55,1853.130725,86196.61818,3.411778432,100,3.29064882,92.75,-15.21626121,100,7088.976845,100,3120.470347,68.09,0.04651749,11.95
asuncion,Paraguay,South America,128658648.7,487743,3790.984943,68,11551.72196,NA,14.47051604,56.86,13.06708349,61.62,7.999335971,42.67,678.9514313,93.88,597.944587,99.27,0.337491592,61.77
athens,Greece,Europe,38036498.96,664046,17458.12622,7,2125.577759,NA,11.21506549,82.27,11.9609375,65.65,4.471937133,56.89,1.830459477,64.05,144.7207147,100,0.99254645,100
atlanta,United States of America,North America,425116513.9,495377,1165.273481,135,17198.42088,30316.96296,9.930679622,97.7,9.916037272,71.78,4.065022421,59.15,537.8999129,99.34,806.7498892,92.77,0.146871505,22.01
baltimore,United States of America,North America,238080529.7,619796,2603.30402,200,36315.18836,49064.475,10.49583051,89.9,10.03450576,71.52,0.571970563,75.14,128.7928228,91.06,236.7156835,99.5,0.880796286,97.79
bamako,Mali,Africa,246600000,2094000,8491.484185,6,14.24331953,NA,3.570590759,100,3.532702994,92.21,16.01697524,0,31.09441633,98.05,1434.428033,65.39,0.214735865,66.44
bangalore,India,Asia,713493938.8,4330976,6070.095013,198,3879.939264,NA,27.03397232,8.25,27.05719958,28.9,12.61948793,16.56,2.631016203,39.4,355.6534502,99.79,0.753587003,93.4
bangkok,Thailand,Asia,1589566453,8305215,5224.830321,50,1404.701012,143344.08,34.1187351,0,34.03288387,19.69,14.34258456,5.17,19.5040928,90.43,1329.150922,73.82,0.439158384,71.92
barcelona,Spain,Europe,102099053.9,1610427,15773.1824,73,18637.41094,19346.84932,12.47878218,68.32,9.780043357,72.37,1.963791588,68.12,38.92790201,44.54,212.4960776,100,0.935340042,97.6
beijing,China,Asia,16396400000,21705000,1323.766193,16,8.637766952,41260,56.23799543,0.23,56.46587989,6.32,-2.15087962,85.97,830.7459816,89.39,4795.254644,35.29,0.302756232,64.77
berlin,Germany,Europe,887700000,3469700,3908.640306,12,189.9058766,14187.60476,14.68236697,51.87,14.62627917,55.9,-6.09096486,96.37,150.0889272,100,348.5285638,100,0.834094792,98.05
billings,United States of America,North America,1915048813,135793,70.90837532,28,1511.346807,57991.21429,5.206832247,100,4.685132775,90.04,0.115945213,77.73,288.3636134,99.72,1182.29679,82.72,0.010918387,4.48
bogota,Columbia,South America,858447565.9,7009619,8165.459695,19,679.574183,NA,12.23542253,69.92,12.12199853,64.83,4.132398219,59.9,56.45742139,91.48,1632.333604,73.41,0.486477607,80.87
boston,United States of America,North America,128158408.8,658291,5136.541613,180,112098.6601,32610.17222,8.1799069,100,7.843116311,81.25,-2.209444593,86.81,1582.465609,96.77,227.14579,99.09,0.900156996,95.7
bratislava,Slovakia,Europe,366722122.1,432864,1180.359662,17,1733.666074,NA,18.88169757,36.49,18.63688351,47.79,-5.593803993,95.36,994.005469,100,959.4861995,85.85,0.470687287,82.08
bridgeport,United States of America,North America,45269790.79,147586,3260.143187,38,15583.07692,43725.44737,9.70246148,98.85,9.439114495,73.87,-0.592491038,80.77,131.2848033,99.46,898.2758332,100,0.005137102,1.76
brisbane,Australia,Oceania,5374744369,2192736,407.9702865,228,11365.0743,6591.912281,2.684417238,100,2.314588407,94.89,7.95052488,43.41,14474.62589,99.9,1029.473594,86.71,0.607466313,82.15
brussels,Belgium,Europe,32980110.39,178675,5417.659246,107,1507469.959,20039.19089,14.34501561,53.77,14.85820317,55.4,-4.551177469,93.32,7312.277152,86.39,197.0538476,100,0.848355857,90
bucharest,Romania,Europe,239900000,2103346,8767.594831,6,171.5053145,NA,19.34432166,35.32,18.30264417,48.58,-1.822416922,85.82,11.25097462,86.96,380.0046377,100,0.854470042,99.22
budapest,Hungary,Europe,524675600.7,1749734,3334.887305,23,1038.269744,1367.086957,21.51723836,27.36,21.36248026,41.05,-3.471674246,90.46,89.56601026,96.1,298.1380092,100,0.849557673,97.6
buenosaires,Argentina,South America,203738872.7,3103763,15234.02461,15,922.5149499,68785.86667,13.28369755,60.25,13.07703493,60.54,2.735681737,64.58,0.931672783,54.83,216.7919417,100,0.938837768,99.83
cairns,Australia,Oceania,255027224.3,144781,567.7080177,18,160.1175638,5369.111111,2.090352095,100,1.639947971,96.53,7.911303551,43.77,1087.318359,100,1046.196326,79.75,0.229385234,51.87
caracas,Venezuela,South America,378118258.3,2082130,5506.557682,22,54.21569539,NA,1.785507489,100,1.747158869,96.13,7.197820468,46.74,159.4789342,86.49,1014.936526,82.96,0.46531958,75.59
casablanca,Morocco,Africa,838935532.2,4013666,4784.236507,34,908.5811545,NA,13.99534116,59.29,13.00848442,61.82,8.07454965,43.23,8.949625702,63.29,1087.125621,78.08,0.510309698,77.38
charleston,United States of America,North America,1104326150,189154,171.2845431,46,2234.075986,62109.35556,7.824660662,100,7.827961098,81.39,2.590530988,65.44,3351.383956,100,1382.035659,67.86,0.021945705,7.72
charlotte,United States of America,North America,1063289006,904772,850.9182312,206,4052.758966,63947.8867,9.168802543,100,9.188570034,75.01,2.506970742,65.61,758.0569393,99.99,1278.395618,77.77,0.082830212,19.24
chelyabinsk,Russia,Europe,501900000,1202371,2395.638573,7,171.6956296,NA,19.99265153,32.48,19.7737871,45.43,-13.02039465,100,128.8729942,100,858.4822979,100,0.499641938,85.85
chengdu,China,Asia,14335100000,13585085,947.6798209,20,5.173628151,31621.35,39.8132445,0,39.86274336,12.33,2.614978707,65.7,438.6231839,98.36,7572.591663,24.39,0.178200019,51.33
chennai,India,Asia,430500000,7547078,17530.95935,15,50.42796385,NA,29.38199331,0.58,29.51794288,24.13,13.88372951,8.14,2.718446541,71.89,1007.221125,86.84,0.494280338,77.77
chicago,United States of America,North America,597222424,2822881,4726.682868,77,5399.47667,47249.4026,11.95518809,73.43,11.83483689,65.9,-1.358441335,82.78,63.72415743,96.24,253.5921205,99.52,0.8995262,98.43
chongqing,China,Asia,82427800000,30751600,373.0731622,38,3.446595229,24414.92105,25.22529122,16.38,25.12010474,33.7,1.482823374,70.12,2495.96058,99.35,14940.42275,4.67,0.061014079,29.52
ciudaddeguatemala,Guatemala,North America,231523941.2,941988,4068.641865,22,11923.82666,NA,7.719495225,100,7.622146011,82.77,9.850065801,32.73,199.713986,96.82,1013.768938,83.84,0.32924012,62.05
ciudaddepanama,Panama,North America,1022420258,1427931,1396.618454,30,1994.425433,NA,2.350850562,100,1.990243719,95.58,13.61009232,13.38,324.9304657,92.1,1986.965215,65.01,0.424120402,70.54
cleveland,United States of America,North America,202823276.1,388944,1917.649727,177,26463.2972,27951.39429,11.93808131,74.17,11.55274501,66.62,0.808270105,73.08,214.2804373,99.85,605.4364819,98.84,0.149324189,20.79
coimbra,Portugal,Europe,319087949,143396,449.3933427,31,2138.683114,NA,5.583194395,100,5.550322109,88.47,0.695803623,74.76,1629.597042,98.86,1439.21094,65.69,0.184768542,37.23
conarky,Guinea,Africa,437644132.7,1775129,4056.101447,5,39.32584374,NA,5.635979562,100,5.266306209,88.95,9.850470387,32.1,133.8107532,98.29,3828.081342,40,0.244772531,66.12
copenhagen,Denmark,Europe,92985748.32,576423,6199.04674,10,1722.222402,297853.1,10.24098502,92.94,9.900623347,72.09,-8.673991126,100,28.19327622,99.11,370.9382308,100,0.809577188,98.21
dakar,Senegal,Africa,82374376.89,1146054,13912.74864,19,262.2212928,NA,2.900868373,100,2.91485168,93.48,9.758885444,33.28,3.494520023,45.71,255.5897724,100,0.792772085,92.59
dalian,China,Asia,13200000000,4663363,354.0360613,7,5.935763933,NA,34.92774706,0,35.06828126,18.55,-5.275273256,94.6,264.8892017,100,11399.57862,0,0.05538047,35.52
darwin,Australia,Oceania,375511314.5,123572,329.0766355,40,93237.07007,7945.4,6.046139056,100,5.793656941,88.01,12.8149533,14.73,51163.92472,100,1007.289532,84.85,0.392146555,70.24
delhi,India,Asia,1505800000,10440249,6933.35702,9,125.5173977,NA,113.6920395,0,113.5239867,0,9.456035585,36.06,8.693190517,80.42,1296.966143,73.78,0.532595024,86.57
denver,United States of America,North America,400825895.5,678467,1692.672573,144,10729.87426,65337.88732,7.756377925,100,7.511016284,82.49,4.996368206,55.27,49.0501802,93.8,457.0752148,97.47,0.565334315,73.77
detroit,United States of America,North America,369451772.4,683443,1849.884209,297,29610.40208,16365.56566,10.81904379,87.12,10.88859413,68.86,-0.561053556,80.66,182.0169762,98.33,460.7374706,100,0.339891162,51.91
dodoma,Tanzania,Africa,2619894437,410956,156.8597552,37,142.4504776,NA,7.889965556,100,7.876724004,81.09,14.77937925,2.71,3501.167311,98.64,3533.10514,30.26,0.078324749,23.62
dublin,Republic of Ireland,Europe,117170610.2,553165,4721.021756,162,13150.69608,NA,7.013023488,100,6.303594947,87.05,-7.907245361,99.49,53.42779928,96.23,195.6593643,100,0.923222633,97.6
edinburgh,Scotland,Europe,271948076.6,513220,1887.198491,17,1100.632954,38039.17647,7.46144356,100,6.0767779,87.08,-10.55327545,100,110.8752477,99.79,356.4633397,96.45,0.800409151,95.31
evansville,United States of America,North America,203905691.8,149719,734.2561096,43,6365.621567,39393.95349,10.6824502,88.7,10.20334845,70.89,0.783051771,74.18,353.069551,95.31,NA,NA,0,0
fargo,United States of America,North America,983470679.9,143245,145.6525374,26,3523.765405,52167.69231,5.712672328,100,4.779323056,89.82,-2.91074761,88.36,769.0893778,98.59,1055.587743,88.89,0.131192853,26.15
fortaleza,Brazil,South America,311730084.5,2444849,7842.839434,119,1511.441354,NA,4.126708303,100,3.63334647,92.03,13.10121468,13.26,27.1836735,69.18,736.7780503,93.58,0.3234327,52.17
freetown,Sierra Leone,Africa,74294976.54,1127199,15171.94099,8,30.9986712,NA,6.428293287,100,6.050110248,87.64,8.956839019,38.69,32.12531379,95.72,1785.911599,60,0.077298662,33.07
guangzhou,China,Asia,7202800000,14904481,2069.262093,11,5.41690962,48822.63636,33.1679035,0.28,33.35760178,20.53,3.969130133,59.12,329.6218512,95.73,3593.373277,55.4,0.450325419,75.04
hamburg,Germany,Europe,744371162.4,1885373,2532.839926,99,15121.32447,42131.58586,12.89278732,63.79,12.92626888,61.31,-7.242879233,98.47,378.7873144,99.92,378.4388673,99.25,0.768390891,94.65
hangzhou,China,Asia,16900000000,7538771,447.4048071,13,4.888821081,NA,39.36195387,4.21,38.07021936,15.91,0.041739193,77.34,1717.906088,97.15,9032.081665,42.54,0.357414241,61.32
harare,Zimbabwe,Africa,662145434.1,1485231,2243.058584,45,192.4072035,NA,12.54564652,66.81,12.41994196,63.27,11.49180846,23.49,361.0027567,100,1788.655989,59.9,0.027037016,11.02
hobart,Australia,Oceania,1147259797,204010,177.8237157,31,646.0277545,5099.096774,1.174813233,100,1.052730296,97.99,-4.821091794,93.73,2652.691,100,1311.279005,72.14,0.444143932,77.18
hochiminh,Viet Nam,Asia,1396762235,7054574,5050.662042,23,162.57663,NA,15.05002003,51.08,14.06975851,57.86,15.48828848,4.65,26.31015102,72.84,1190.648501,78.59,0.564034654,82.51
hongkong,Chinese special administrative region,Asia,1121069648,7365900,6570.421396,18,675.7154518,29777.77778,22.3202574,24.87,22.34630222,38.79,2.342713859,66.5,126.8704326,94.65,935.0034599,83.1,0.577623983,87.01
honolulu,United States of America,Oceania,167174664.8,351628,2103.356991,99,346546.7308,71886.60417,2.046236155,100,1.806524846,96.02,11.62593566,20.79,407.2707549,77.46,503.904191,93.39,0.480825215,62.37
houston,United States of America,North America,4605948982,4553626,988.6401299,736,13613.28438,64067.35479,7.682822458,100,7.726480574,81.73,8.45572741,40.79,407.8148762,97.6,942.7909337,92.68,0.047597106,8.23
istanbul,Turkey,Asia,1559337121,11680385,7490.609208,28,277.5234383,NA,12.40178089,72.59,12.05457623,64.64,0.612749016,74.59,72.54308979,76.75,1625.778499,75.01,0.464390977,76.39
jakarta,Indonesia,Asia,645765422.8,10154584,15724.88034,42,438.583331,19843303.86,33.05421359,0,33.09064449,21.54,15.77839827,1.99,7.998094418,83.78,1241.052218,76.93,0.463219086,78.57
johannesburg,South Africa,Africa,1647732654,4434819,2691.467568,130,786.6541392,77055.45245,42.7652038,0,42.79273958,8.26,8.55128083,40.97,235.7555681,97.21,1690.531885,65.5,0.162232945,30.41
kabul,Afghanistan,Asia,441671416.2,3817241,8642.71687,16,42.43908809,NA,14.62619884,52.36,14.65209529,55.96,5.88565556,52.28,0.104215041,31.27,2215.725922,49.95,0.040466015,25.97
kampala,Uganda,Africa,196126902.7,1507080,7684.208434,95,962.3703847,NA,23.205345,22,22.64227195,38.41,12.89575481,14.31,872.5188802,98.3,755.3885235,96.64,0.113355505,23.92
kiev,Ukraine,Europe,821300000,2611300,3179.471569,10,141.1946488,NA,19.32792267,35.22,19.27913734,46.59,-6.747105395,97.49,176.7012908,100,827.0191408,93.65,0.591829586,88.41
kigali,Rwanda,Africa,732094196.3,1132686,1547.186149,35,70.12017861,NA,24.4851691,17.62,24.12100547,35.16,10.54552137,29.08,687.6652849,100,1400.418884,68.91,0.308284899,61.39
kinshasa,Democratic Republic of Congo,Africa,2029391434,20541517,10122.00833,23,13.01155593,NA,43.26803956,0,40.98872188,11.97,12.69655964,15.55,147.6213853,91.91,3242.189468,52.07,0.109262742,39.16
kolkata,India,Asia,187083778.1,4496694,24035.72371,141,2058.430356,NA,45.43391632,0,45.50910209,3.43,10.13912359,31.77,4.663679381,78.79,610.3629206,96.38,0.39313788,50.79
lagos,Nigeria,Africa,1007239965,10658055,10581.4457,16,28.40438045,NA,18.69354061,37.11,17.99260068,49.07,11.61107761,22.61,74.71696637,98.63,3322.111993,10.73,0.019197045,20.98
lasvegas,United States of America,North America,6330468638,673029,106.3158256,160,9665.803283,56746.7125,6.607889616,100,6.626631122,86.32,11.67738594,22.08,538.1434488,29.3,671.950839,99.95,0.133443265,31.55
lima,Peru,South America,2709971378,8890792,3280.769705,43,778.796952,NA,29.28524192,12.71,26.34699548,32.73,14.50543941,8.32,0.245345579,25.76,2259.58289,69.11,0.274376025,60.55
lisbon,Portugal,Europe,84666098.37,547733,6469.330825,53,38793.8495,NA,6.131060297,100,5.509594308,88.55,2.840354409,63.72,10.63751591,64.56,160.0503946,100,0.939218068,96.1
lome,Togo,Africa,89186083.14,728757,8171.196383,5,645.2222215,NA,19.39196038,35.27,18.92829926,47.35,14.15897074,5.32,243.5628287,100,470.3584712,100,0.582010823,88.6
london,United Kingdom,Europe,1568394544,8835400,5633.403939,33,1004.06299,48584.84848,13.70275539,57.91,13.76724289,58.66,-6.024047761,96.2,37.96281437,98.37,228.628094,100,0.921174402,99.64
losangeles,United States of America,North America,1055162560,3645186,3454.620302,22,776.4061045,54254.68182,18.63952487,37.37,18.30754076,48.4,12.26056123,18.21,52.97837663,87.47,1419.244619,68,0.328347572,72.52
louisville,United States of America,North America,1030662393,764378,741.6376162,191,5960.253884,54570.67368,10.07651056,93.07,9.786194179,72.69,1.160723929,72.19,702.5629927,99.93,858.7880324,88.29,0.294343065,55.64
luanda,Angola,Africa,116048490.2,2194747,18912.32705,6,30.08185211,NA,22.77697902,23.27,21.94944465,40.09,12.70596336,15.51,3.804247163,78.45,1904.269906,61.78,0.248064977,58.59
lyons,France,Europe,47860892.65,520918,10884.00093,9,1487.041981,22422.22222,14.89673048,51.12,13.54903445,59.53,-1.905508814,85.97,12.77297023,86.94,172.5872389,100,0.969420299,100
madrid,Spain,Europe,604422708.8,3196327,5288.231156,21,999.415473,39208.52381,10.5873238,88.6,9.957057192,71.89,3.924721143,59.06,24.73295411,81.03,506.4231228,93.18,0.815056809,94.98
malaga,Spain,Europe,398205225.7,575127,1444.297972,11,485.1575805,19009.7,8.666045477,95.89,8.627406458,77.8,5.349909473,54.22,332.7173598,78.3,2115.615101,66.13,0.554638681,80.51
managua,Nicaragua,North America,273600000,1254878,4586.542398,7,81.3825555,NA,4.113514231,100,3.882749543,91.46,13.50230453,11.97,111.3139944,99.91,895.9334693,89,0.496145326,84.2
manaus,Brazil,South America,492319098.5,1790164,3636.186379,63,1997.821227,NA,8.305048024,99.91,7.422727201,83.4,12.62230308,15.87,452.4456104,91.42,1201.630184,78.07,0.125366376,33.74
manila,Philippines,Asia,559157580.2,12877253,23029.73876,17,209.0720628,91055.34429,17.55268233,40.76,16.3747895,52.36,16.37755806,0.81,5.046490495,84.44,1731.731118,79.65,0.293992593,62.35
maputo,Mozambique,Africa,306164747.9,1101170,3596.65836,7,40.50545829,NA,5.875847586,100,8.756119943,76.69,11.47570757,23.4,1403.863016,100,611.319136,100,0.371179755,61.43
marseille,France,Europe,233584891.7,849881,3638.424532,110,9257.117825,NA,10.47144474,84.52,8.001717008,80.69,0.309455723,76.4,169.465816,71.98,345.8886821,97.99,0.79881466,92.14
medellin,Colombia,South America,302884985.4,2446297,8076.653245,20,773.3455527,NA,7.271868913,100,7.172420568,85.32,10.90059746,25.01,520.9065955,96.15,1204.66928,80.35,0.362955823,60.88
melbourne,Australia,Oceania,450309649.8,1442224,3202.738384,93,291691.7797,74862.87097,3.606796503,100,3.536119561,92.21,2.728170763,64.3,2357.046054,99.72,434.0490598,99.27,0.81364997,95.05
mexico,Mexico,North America,1498600000,8918653,5951.323235,16,531.3510823,54972.21875,20.70802596,30.18,20.57240175,42.87,6.662605917,47.12,134.9847883,91.27,2317.435889,61.06,0.420059705,69.41
miami,United States of America,North America,135019938.7,491439,3639.75132,106,23786.08893,42584.33654,3.617753432,100,3.908743677,91.45,10.50975382,29.41,26.95648043,74.75,224.1870101,99.73,0.913811119,97.69
milan,Italy,Europe,181514238.2,1353882,7458.819834,9,1124.255673,19155.22222,27.11282832,7.23,26.95316928,29.44,0.987123836,73.42,6.987245802,89.92,242.7618242,100,0.904406223,99.23
milwaukee,United States of America,North America,288181675.3,609779,2115.953415,212,21270.69254,39346.24057,10.72668438,87.82,10.50381658,69.96,-1.546847087,84.08,137.1827221,98.93,579.8305876,95.16,0.15136226,22.7
minneapolis,United States of America,North America,150782413.6,411452,2728.77977,116,16026.06199,59473.38793,8.829659301,100,8.688654309,76.97,-3.677286717,91.14,186.2450903,99.47,195.0039215,100,0.918839002,98.93
monrovia,Liberia,Africa,196584984.7,970824,4938.444313,165,716.6920086,NA,7.891521967,100,7.660386813,82.96,9.264832569,36.83,377.1034675,97.94,235.8676823,100,0.010703982,1.2
montevideo,Uruguay,South America,528352083.3,1318185,2494.898841,62,3014.565294,NA,6.915744564,100,7.054700852,84.99,1.319158161,71.57,47.43027301,64.31,1380.598842,71.17,0.071720282,16.43
montreal,Canada,North America,616713041.2,1961019,3179.791684,34,3621.998831,109246.2059,7.231152637,100,7.173573498,85.18,-4.438502185,92.17,384.1712742,99.78,409.2166576,96.91,0.740511151,90.1
moscow,Russia,Europe,1001877672,11564258,11542.58481,117,1265.683022,NA,20.54838064,30.47,20.51229628,43.2,-7.35920511,98.08,37.63565479,99.12,286.738575,99,0.884812046,98.37
munich,Germany,Europe,309851413,1542860,4979.354411,25,1232.203881,NA,13.99985189,55.51,14.0769919,57.84,-3.351204167,90.32,59.62274178,98.87,304.8869471,100,0.901268758,98.88
nairobi,Kenya,Africa,711082938,3078180,4328.862128,17,382.802383,NA,9.117798258,100,8.98231107,75.96,11.26616454,24.73,170.3683363,98.9,1683.54466,62.33,0.187214186,56.74
nanjing,China,Asia,6595700000,8335000,1263.702109,11,9.459926843,53159.45455,56.70643377,0,56.31283002,0.07,-0.462861432,80.42,117.1088016,90.94,3799.40205,48.14,0.335032611,70.07
nashville,United States of America,North America,1352294962,671149,496.303705,159,4335.120536,57936.71795,9.362030636,98.2,9.242999136,74.7,2.041461978,68.17,1494.04635,100,1049.983291,88.13,0.032432798,8.26
newyork,United States of America,North America,778557783.7,8537735,10966.09035,55,2468.027455,60886.90909,10.80543716,86.59,10.58693596,69.8,-1.544794695,84.19,24.48941367,90.84,313.9444461,99.8,0.888108591,98.33
niamey,Niger,Africa,559300000,1026848,1835.952083,5,11.44258832,NA,4.629630554,100,4.616804666,90.08,17.28946576,0,6.058990938,79.33,6357.628832,0,0.015583194,27.14
nizhny,Russia,Europe,464300000,1259013,2711.636873,8,219.7555817,NA,14.96048473,50.84,14.82623067,55.36,-10.93439896,100,171.7290297,100,939.7699104,91.75,0.490609404,85.08
nouakchott,Mauritania,Africa,278109564.7,558195,2007.104648,9,123.7623337,NA,1.540119378,100,1.51146864,96.79,15.62418924,3.38,0.005685395,5.69,2405.834363,33.33,0.015274434,14.63
novosibirsk,Russia,Asia,495548172.6,1612833,3254.644229,10,188.4681128,NA,17.72538472,40.27,18.05812108,48.74,-12.59957304,100,128.8760165,95.71,748.638529,96.35,0.571455963,87.44
omaha,United States of America,North America,654830333.2,535504,817.7751898,152,6389.014087,62186.5,8.544612504,99.99,8.545892323,77.44,-0.048531638,77.84,216.7903642,99.17,899.546413,93.19,0.077317615,18.66
oslo,Norway,Europe,178338879.8,677039,3796.362301,16,9881.755939,622125,7.228539995,100,6.408680498,86.76,-12.02553272,100,134.6405087,100,334.8535269,97.62,0.881245075,98.06
ottawa,Canada,North America,2893800930,916855,316.8341646,23,540.7232343,90140.95652,5.818077469,100,5.770476848,88.09,-6.828886007,97.16,2192.250188,100,1291.527229,80.57,0.6058423,84.66
paris,France,Europe,105054704.9,2220445,21136.08336,20,8652.634259,29629.185,14.52201295,52.53,14.20501792,57.13,-3.837021113,91.68,4.846202519,70.36,118.557982,100,0.987285034,100
paterson,United States of America,North America,22489669.26,147890,6575.908178,33,17312.26883,35364.27273,10.24576387,96.13,10.54531288,69.83,1.802127631,69.1,38.58935924,96.42,555.3562398,100,0.03023779,3.03
perth,Australia,Oceania,3608077960,1919683,532.0514195,162,117936.4916,6370.222222,2.607643315,100,2.402480348,94.73,5.498956478,53.76,16406.69992,98.58,1564.008314,70.46,0.256728383,52.11
philadelphia,United States of America,North America,368454378.9,1569657,4260.112215,384,32121.60167,43391.34635,10.12441055,95.82,10.0937195,71.22,1.15892625,72.18,259.4585188,86.22,525.6760946,97.3,0.299003911,33.04
phnompenh,Cambodia,Asia,687826711.1,1501256,2182.60788,96,119.1342453,NA,19.48825851,34.19,17.80692736,49.04,14.14798956,9.79,31.72020805,54.44,679.9697476,89.57,0.288821784,43.16
phoenix,United States of America,North America,1767243219,1623953,918.9187899,362,7903.811623,57455.52778,11.93455908,73.46,11.73551502,65.98,17.13219284,0.09,2.426381796,30.6,478.7830837,97.49,0.525695973,76.97
portland,United States of America,North America,516452690.5,737921,1428.825938,160,7672.544722,69194.30189,4.968308913,100,4.652056744,90.03,-0.317961369,78.96,450.8213313,99.86,546.5059006,94.48,0.584805539,77.23
porto,Portugal,Europe,41254553.33,237591,5759.146102,15,9991.353607,NA,8.132340893,100,7.597952426,82.51,1.541441837,70.48,6.415887316,73.23,161.0617512,100,0.981831749,100
qingdao,China,Asia,11040300000,9291100,841.5622764,10,4.044545855,55692,50.54981536,0,50.83524781,0.32,-0.389027285,79.56,16.91275466,83.08,7592.668428,26.07,0.192421958,54.28
quito,Ecuador,South America,346568237.5,1607723,4638.979647,32,1001.189221,NA,7.755696784,100,7.569091181,83.07,4.719407594,57.47,69.15464173,97.18,615.4939634,93.67,0.583642127,87.67
reykjavik,Iceland,Europe,99367335.9,125356,1261.541319,12,606.9476106,6462500,2.132107191,100,2.045409693,95.53,-16.63713394,100,0,0,NA,NA,0,0
riodejaneiro,Brazil,South America,1207447137,6366101,5272.364154,162,5319.81104,NA,16.00017667,47.77,14.4199458,56.9,10.442037,28.11,456.2053162,88.61,808.1788538,91.28,0.491035923,71.25
saintpetersburg,Russia,Europe,1442735461,5351935,3709.574725,111,1620.874832,NA,11.90266956,74.33,11.79441179,65.66,-12.07571119,100,1247.958052,97.63,543.7174873,95.71,0.729219704,91.75
saltlakecity,United States of America,North America,241753320,220610,912.5417595,57,4529.422176,63100.57143,7.406585882,100,7.47988767,83.49,4.696595141,56.52,321.4552723,98.09,778.3317617,90.27,0.480483954,67.91
sanfrancisco,United States of America,North America,122074464.5,864263,7079.801688,195,50665.1988,98637.08205,10.73931149,85.39,9.86327559,72.22,1.812728122,68.8,254.4705632,76.05,132.1382265,100,0.975894203,99.66
sanjose,Costa Rica,North America,44910288.25,288054,6413.986889,11,2236.156295,NA,3.3847364,100,3.19321019,92.91,14.15833632,5.6,24.45513551,94.52,434.7276948,97.43,0.675248222,93.06
sansalvador,El Salvador,North America,908373619.7,1565626,1723.548511,19,332.540082,NA,7.894736434,100,7.928324951,80.93,9.4542876,34.73,784.0680271,100,3563.985015,18.11,0.050004565,30.27
santiago,Chile,South America,1328651227,6121436,4607.255745,34,471.8181451,NA,27.26018894,8.31,25.69514494,31.84,9.313386954,35.84,14.37533482,65.78,704.4411519,86.09,0.758376861,92.47
santodomingo,Dominican Republic,North America,91854247.26,1403089,15275.16736,70,21219.74118,NA,4.246814776,100,3.537615714,92.19,12.24141671,18.65,911.162401,73.63,595.8430353,100,0.27738378,35.41
saopaulo,Brazil,South America,1528118727,11253503,7364.285772,96,1530.226148,8631.44,15.63452695,47.8,15.68356612,52.98,9.596840876,33.92,279.8449865,78.52,811.2514942,91.09,0.522266934,80.58
seattle,United States of America,North America,214899374.4,609865,2837.909611,135,12095.71612,74467.00746,5.830071744,100,5.466872998,88.61,-2.582566984,87.87,212.3329813,98.93,251.5970554,100,0.835290363,94.03
seoul,South Korea,Asia,606500000,10178395,16782.18467,25,340.6838283,53468640,27.28186392,7.17,27.21641832,27.95,-2.973714929,89.29,13.18587474,87.56,339.3569085,100,0.867203489,98.96
seville,Spain,Europe,141871976.9,732573,5163.620161,109,10844.1045,10791.14286,10.08052903,93.82,9.15032674,75.21,7.54636541,46.45,19.55136156,36.51,444.7363971,95.25,0.561633148,67.05
shanghai,China,Asia,8580400000,24183300,2818.435038,16,34.60732218,NA,52.14576551,0,52.11374118,0.15,0.689220619,74.74,13.22828488,73.3,3834.119486,50,0.47222237,75.5
shenzhen,China,Asia,2287700000,12452700,5443.327359,10,4.89892644,NA,24.83933133,15.97,24.64700931,34.05,3.501206968,61.08,180.3506027,98.75,2675.329324,56.19,0.304886286,58.63
singapore,Singapore,Asia,780008839.3,3933570,5042.981312,55,938938.3855,50453.82857,25.3421621,15.18,25.2806199,33.05,10.6342374,28.04,28389.33599,95.45,465.5733452,94.93,0.727292491,87.46
siouxfalls,United States of America,North America,776991308.8,184326,237.2304528,41,1847.47803,63211.92683,7.0545887,100,6.954504469,85.93,-2.237807006,86.52,384.232688,100,1198.846571,83.52,0.037570404,12.26
stlouis,United States of America,North America,171339167.4,314867,1837.682562,106,16173.5286,37140.25472,9.379160834,99.71,9.133647616,75.08,3.144159291,62.33,102.1437754,97.29,378.2296807,98.91,0.697303201,89.66
stockholm,Sweden,Europe,214636299.6,959689,4471.23344,132,14262.66863,371461.1774,7.285025957,100,7.424561838,84.06,-11.85891898,100,394.5206792,98.7,265.6272927,100,0.882457882,96.64
sydney,Australia,Oceania,4198749175,4446758,1059.067311,272,152710.0154,7158,4.076014987,100,3.853353662,91.56,5.14830159,55.31,2107.984308,99.73,906.353435,89.57,0.578422659,82.13
tehran,Iran,Asia,628281950.2,8693706,13837.26844,22,322.4126103,NA,14.16933653,54.54,14.50899065,56.21,6.862150098,48.69,0.629537559,51.1,529.8312107,100,0.6944238,93.27
telaviv,Israel,Asia,51713906.28,411563,7958.458945,71,30426.09826,NA,9.449732,99.6,9.670153062,73.14,7.643701493,45.86,1.318771256,42.52,176.9003085,100,0.920070441,96.49
tianjin,China,Asia,11615900000,15568700,1340.292186,16,11.34603278,NA,73.09456535,0,73.08641197,0,-1.503914098,84.53,27.33296772,82.61,7657.891192,37.5,0.349586726,63.26
tokyo,Japan,Asia,618800000,9143041,14775.43794,23,1767.590415,5581739.13,12.55743495,66.55,12.60064921,62.53,3.628687844,60.39,5.958880978,84.42,264.982406,100,0.95128887,99.87
toowoomba,Australia,Oceania,730747461.9,130714,178.877118,13,486.4311578,5634.769231,1.100088613,100,1.089768961,97.94,7.718384378,44.07,830.524095,100,2756.292491,26.2,0.041674598,26.18
toronto,Canada,North America,641649720.4,2731575,4257.112429,25,750.4054964,66536.48,8.14332841,100,7.809345974,81.53,-2.262457964,86.88,104.8023084,100,301.7288878,100,0.857530432,98.84
tulsa,United States of America,North America,1055700642,471631,446.7469101,141,5712.568434,51822.05674,8.110878914,100,8.032535917,80.24,4.629085567,56.9,865.8100805,99.64,933.5990676,95.46,0.0233352,7.73
tunis,Tunisia,Africa,122036734.5,647629,5306.836523,15,323.9360859,NA,6.448194057,100,5.990890641,87.66,4.69191288,56.15,1.06832276,49.67,1197.163566,81.91,0.344328614,62.17
valencia,Spain,Europe,99917708.46,797356,7980.126969,87,15603.10001,11665.19643,10.86680437,84.26,9.601817373,73.5,4.802054723,56.1,46.84757933,32.22,225.6351818,99.25,0.879815623,94.11
vancouver,Canada,North America,113875226.4,633190,5560.384117,118,12515.97673,33647.76271,4.039819236,100,4.003257982,91.24,-2.770007108,86.3,120.178716,98.23,213.5500378,100,0.921204288,98.98
vienna,Austria,Europe,413770103,1897776,4586.546941,23,2095.953069,23163.95652,18.6213293,37.58,18.84934636,47.47,-3.740132432,90.9,66.75438577,91.28,303.1090518,98.54,0.877964195,98.21
vientiane,Laos,Asia,557200000,468953,841.6241924,5,15.26156094,NA,42.09883953,0,40.21113342,13.74,10.73462657,28.48,145.6805449,94.46,3274.045099,20,0.105076593,51.84
warsaw,Poland,Europe,515307339.3,1769529,3433.929356,18,279.8028965,NA,20.8323971,29.36,20.88776698,42.2,-6.463256928,97.08,165.7750063,100,326.4283473,100,0.808514465,96.78
wellington,New Zealand,Oceania,138505014.1,182844,1320.125493,36,1590.0067,93697.22222,1.833232729,100,1.537427978,96.7,-5.491917344,95.12,348.4994019,99.62,421.646076,93.98,0.819061527,95.63
wichita,United States of America,North America,1796981042,448064,249.3426417,112,5860.124526,52792.98214,7.133315815,100,6.834920005,86.16,2.846277418,63.67,512.7962823,100,964.5371632,100,0.002537708,1.09
wuhan,China,Asia,8629200000,10892900,1262.330228,13,6.10745828,39380.23077,49.32289923,0,49.345565,0.79,1.391881738,71.25,61.14001912,83.44,5448.038857,41.22,0.329448319,65.38
yangon,Myanmar,Asia,1000588442,5211431,5208.366179,33,101.602768,NA,23.90239239,19.37,23.73712322,36.22,12.78883074,15.23,14.13715275,90.68,921.7121652,91.49,0.666228671,87.03
yaounde,Cameroon,Africa,290900000,1881876,6469.150911,7,44.18166813,NA,22.31906991,24.98,22.41841449,38.75,9.101818014,37.31,133.5880085,100,4527.770978,13.02,0.031931343,26.91
zagreb,Croatia,Europe,639820686.9,790017,1234.74751,218,7724.487324,NA,17.74772543,40.7,17.12268206,50.64,-3.130991434,89.43,1290.427122,95.46,502.8889353,97.23,0.545382204,73.4
zhenjiang,China,Asia,3840000000,2914000,759.645464,6,7.635605184,45710.16667,60.24642305,0,60.08647237,0,-1.006328026,82.9,140.2862615,100,10336.74223,2.8,0.032467267,32.23
zurich,Switzerland,Europe,91593176.5,429314,4687.183221,12,5078.191033,87.90833333,11.67230016,75.98,11.2924256,67.82,-4.965121408,94.07,109.9309099,100,282.6071625,100,0.929142009,99.69